{
  "project_info": {
    "project_number": "447655951148",
    "project_id": "mypetcareapp-c5b2f",
    "storage_bucket": "mypetcareapp-c5b2f.appspot.com"
  },
  "client": [
    {
      "client_info": {
        "mobilesdk_app_id": "1:447655951148:android:aafd06c77a04d371a5ca89",
        "android_client_info": {
          "package_name": "com.project.mypetcareapp"
        }
      },
      "oauth_client": [
        {
          "client_id": "447655951148-2ac4jh85j7sbd9f571k9f2iislhhh7v5.apps.googleusercontent.com",
          "client_type": 1,
          "android_info": {
            "package_name": "com.project.mypetcareapp",
            "certificate_hash": "f092a3a98390b9e7fc49006440101d650d6b06fe"
          }
        },
        {
          "client_id": "447655951148-v55d4i5ib8cndtlkqn7vbo4p2hantndn.apps.googleusercontent.com",
          "client_type": 3
        }
      ],
      "api_key": [
        {
          "current_key": "AIzaSyDeXIp_vHyqTF5mhZbIDNQ32EbqcayBQLY"
        }
      ],
      "services": {
        "appinvite_service": {
          "other_platform_oauth_client": [
            {
              "client_id": "447655951148-v55d4i5ib8cndtlkqn7vbo4p2hantndn.apps.googleusercontent.com",
              "client_type": 3
            }
          ]
        }
      }
    }
  ],
  "configuration_version": "1"
}